Name,Team,RP avg,Position,Price
Jordan Dawson,Adelaide,107.0,MID,520000
Reilly O'Brien,Adelaide,87.5,RUC,425000
Jake Soligo,Adelaide,81.8,MID,400000
Rory Laird,Adelaide,81.4,MID,395000
Izak Rankine,Adelaide,75.2,FWD,365000
Hugh Bond,Adelaide,74.9,RUC,365000
Jordon Butts,Adelaide,71.2,DEF,345000
Finnbar Maley,Adelaide,70.4,MID,345000
Taylor Walker,Adelaide,70.1,FWD,340000
Brayden Cook,Adelaide,69.0,RUC,335000
Daniel Curtin,Adelaide,68.9,MID,335000
Luke Nankervis,Adelaide,66.6,FWD,325000
Archie Ludowyke,Adelaide,66.2,DEF,320000
Riley Thilthorpe,Adelaide,64.4,FWD,315000
Sid Draper,Adelaide,64.1,DEF,310000
Billy Dowling,Adelaide,63.0,FWD,305000
Josh Worrell,Adelaide,62.9,DEF,305000
Chayce Jones,Adelaide,61.2,DEF,300000
Mitch Hinge,Adelaide,59.7,DEF,290000
James Peatling,Adelaide,59.5,MID,290000
Max Michalanney,Adelaide,58.3,DEF,285000
Alex Neal-Bullen,Adelaide,57.5,RUC,280000
Zac Taylor,Adelaide,56.2,MID,275000
Darcy Fogarty,Adelaide,54.9,FWD,265000
Nick Murray,Adelaide,54.7,DEF,265000
Mitchell Marsh,Adelaide,54.4,MID,265000
Callum Ah Chee,Adelaide,53.3,RUC,260000
Lachlan Sholl,Adelaide,52.7,FWD,255000
Wayne Milera,Adelaide,52.7,MID,255000
Luke Pedlar,Adelaide,50.8,MID,245000
Ben Keays,Adelaide,50.7,MID,245000
Toby Murray,Adelaide,44.6,RUC,215000
Sam Berry,Adelaide,44.1,FWD,215000
Mark Keane,Adelaide,43.9,DEF,215000
Isaac Cumming,Adelaide,42.3,DEF,205000
Charlie Edwards,Adelaide,42.2,FWD,205000
Oscar Ryan,Adelaide,42.2,DEF,205000
James Borlase,Adelaide,41.9,DEF,205000
Indy Cotton,Adelaide,41.0,MID,200000
Lachlan McAndrew,Adelaide,40.3,RUC,195000
Tyler Welsh,Adelaide,39.0,FWD,190000
Josh Rachele,Adelaide,37.9,FWD,185000
Hugo Hall-Kahan,Adelaide,36.0,DEF,175000
Lachie Neale,Brisbane Lions,103.0,MID,500000
Josh Dunkley,Brisbane Lions,101.7,MID,495000
Hugh McCluggage,Brisbane Lions,95.9,MID,465000
Will Ashcroft,Brisbane Lions,83.5,MID,405000
Sam Draper,Brisbane Lions,79.7,RUC,390000
Ryan Lester,Brisbane Lions,75.1,MID,365000
Harris Andrews,Brisbane Lions,75.0,DEF,365000
Daniel Annable,Brisbane Lions,73.6,MID,360000
Levi Ashcroft,Brisbane Lions,73.6,MID,360000
Charlie Cameron,Brisbane Lions,73.5,FWD,360000
Dayne Zorko,Brisbane Lions,71.7,MID,350000
Ty Gallop,Brisbane Lions,70.3,DEF,340000
Darcy Gardiner,Brisbane Lions,69.4,DEF,340000
Darcy Fort,Brisbane Lions,65.8,RUC,320000
Will McLachlan,Brisbane Lions,64.3,RUC,315000
James Tunstill,Brisbane Lions,62.0,RUC,300000
Henry Smith,Brisbane Lions,61.7,DEF,300000
Shadeau Brain,Brisbane Lions,59.5,DEF,290000
Jack Payne,Brisbane Lions,58.8,DEF,285000
Luke Lloyd,Brisbane Lions,58.8,MID,285000
Tom Doedee,Brisbane Lions,58.7,DEF,285000
Logan Morris,Brisbane Lions,57.6,FWD,280000
Jaspa Fletcher,Brisbane Lions,56.4,FWD,275000
Oscar Allen,Brisbane Lions,55.1,FWD,270000
Luke Beecken,Brisbane Lions,54.6,FWD,265000
Conor McKenna,Brisbane Lions,53.9,DEF,260000
Darcy Wilmot,Brisbane Lions,53.5,DEF,260000
Zane Zakostelsky,Brisbane Lions,52.8,RUC,255000
Ben Murphy,Brisbane Lions,48.9,MID,240000
Cody Curtin,Brisbane Lions,48.6,DEF,235000
Reece Torrent,Brisbane Lions,48.2,FWD,235000
Koby Evans,Brisbane Lions,45.4,FWD,220000
Kai Lohmann,Brisbane Lions,43.8,FWD,215000
Sam Marshall,Brisbane Lions,43.8,FWD,215000
Eric Hipwood,Brisbane Lions,43.7,FWD,215000
Zac Bailey,Brisbane Lions,43.7,FWD,215000
Keidean Coleman,Brisbane Lions,43.0,DEF,210000
Cameron Rayner,Brisbane Lions,42.6,FWD,205000
Jarrod Berry,Brisbane Lions,40.4,FWD,195000
Darragh Joyce,Brisbane Lions,39.0,FWD,190000
Noah Answerth,Brisbane Lions,31.0,DEF,150000
Tai Hayes,Brisbane Lions,29.5,FWD,145000
Bruce Reville,Brisbane Lions,27.1,DEF,130000
Lincoln McCarthy,Brisbane Lions,25.3,FWD,125000
Patrick Cripps,Carlton,106.5,MID,520000
Sam Walsh,Carlton,102.0,MID,495000
George Hewett,Carlton,84.8,MID,415000
Blake Acres,Carlton,78.6,MID,385000
Jacob Weitering,Carlton,77.5,DEF,375000
Marc Pittonet,Carlton,77.5,RUC,375000
Ben Camporeale,Carlton,73.8,RUC,360000
Harry Dean,Carlton,73.1,RUC,355000
Ollie Florent,Carlton,71.4,MID,345000
Harry McKay,Carlton,70.2,FWD,340000
Harry O'Farrell,Carlton,69.9,DEF,340000
Nic Newman,Carlton,66.9,DEF,325000
Jesse Motlop,Carlton,66.5,FWD,325000
Lachie Fogarty,Carlton,65.1,FWD,315000
Jordan Boyd,Carlton,65.0,DEF,315000
Oliver Hollands,Carlton,63.9,FWD,310000
Campbell Chesser,Carlton,63.6,MID,310000
Matt Carroll,Carlton,63.4,MID,310000
Hudson O'Keeffe,Carlton,62.6,RUC,305000
Mitch McGovern,Carlton,61.2,DEF,300000
Adam Saad,Carlton,58.5,DEF,285000
Brodie Kemp,Carlton,57.9,DEF,280000
Adam Cerra,Carlton,57.4,MID,280000
Zac Williams,Carlton,57.0,DEF,275000
Liam Reidy,Carlton,56.4,RUC,275000
Lachlan Cowan,Carlton,55.6,DEF,270000
Ben Ainsworth,Carlton,55.1,FWD,270000
Jagga Smith,Carlton,55.0,MID,270000
Talor Byrne,Carlton,53.6,MID,260000
Billy Wilson,Carlton,52.8,FWD,255000
Wade Derksen,Carlton,52.7,MID,255000
Flynn Young,Carlton,52.4,DEF,255000
Elijah Hollands,Carlton,49.8,MID,240000
Lucas Camporeale,Carlton,45.7,RUC,220000
Will Hayward,Carlton,45.7,FWD,220000
Jack Ison,Carlton,44.6,DEF,215000
Lewis Young,Carlton,44.1,DEF,215000
Nick Haynes,Carlton,43.7,DEF,215000
Ashton Moir,Carlton,40.7,MID,200000
Matt Duffy,Carlton,40.7,MID,200000
Cooper Lord,Carlton,39.2,RUC,190000
Matt Cottrell,Carlton,38.8,FWD,190000
Flynn Riley,Carlton,38.3,DEF,185000
Harry Charleson,Carlton,36.9,DEF,180000
Rob Monahan,Carlton,36.3,FWD,175000
Francis Evans,Carlton,34.2,FWD,165000
Nick Daicos,Collingwood,122.9,MID,600000
Darcy Cameron,Collingwood,90.9,RUC,440000
Dan Houston,Collingwood,83.7,MID,405000
Jack Crisp,Collingwood,83.1,MID,405000
Darcy Moore,Collingwood,77.2,DEF,375000
Charlie West,Collingwood,76.9,RUC,375000
Harvey Harrison,Collingwood,75.9,MID,370000
Jack Buller,Collingwood,75.9,RUC,370000
Joel Cochran,Collingwood,75.9,MID,370000
Tew Jiath,Collingwood,74.1,MID,360000
Harry Perryman,Collingwood,70.4,MID,345000
Patrick Lipinski,Collingwood,70.1,DEF,340000
Sam Swadling,Collingwood,68.0,FWD,330000
Jordan De Goey,Collingwood,66.0,MID,320000
Brayden Maynard,Collingwood,65.5,DEF,320000
Zac McCarthy,Collingwood,63.0,FWD,305000
Harry DeMattia,Collingwood,62.2,DEF,305000
Scott Pendlebury,Collingwood,61.9,MID,300000
Harrison Coe,Collingwood,61.8,MID,300000
Jamie Elliott,Collingwood,61.6,FWD,300000
Isaac Quaynor,Collingwood,56.2,DEF,275000
Josh Daicos,Collingwood,55.3,MID,270000
Jakob Ryan,Collingwood,54.7,DEF,265000
Roan Steele,Collingwood,54.5,MID,265000
Oscar Steene,Collingwood,54.2,RUC,265000
Billy Frampton,Collingwood,54.1,DEF,265000
Will Hayes,Collingwood,53.5,MID,260000
Tyan Prindable,Collingwood,52.2,DEF,255000
Steele Sidebottom,Collingwood,52.0,RUC,255000
Lachie Sullivan,Collingwood,50.5,MID,245000
Daniel McStay,Collingwood,50.4,FWD,245000
Jai Saxena,Collingwood,50.4,RUC,245000
Bobby Hill,Collingwood,49.8,FWD,240000
Tim Membrey,Collingwood,49.6,FWD,240000
Reef McInnes,Collingwood,49.5,DEF,240000
Noah Howes,Collingwood,48.6,FWD,235000
Jeremy Howe,Collingwood,47.0,DEF,230000
Mitch Podhajski,Collingwood,42.0,FWD,205000
Wil Parker,Collingwood,41.2,RUC,200000
Angus Anderson,Collingwood,39.6,FWD,195000
Ed Allan,Collingwood,38.2,FWD,185000
Lachie Schultz,Collingwood,38.2,FWD,185000
Beau McCreery,Collingwood,36.7,FWD,180000
Ned Long,Collingwood,35.7,DEF,175000
Liam Puncher,Collingwood,34.5,DEF,170000
Iliro Smit,Collingwood,34.1,DEF,165000
Zach Merrett,Essendon,110.4,MID,535000
Darcy Parish,Essendon,83.9,MID,410000
Nic Martin,Essendon,82.8,MID,405000
Nick Bryan,Essendon,81.9,RUC,400000
Mason Redman,Essendon,78.3,DEF,380000
Jye Caldwell,Essendon,78.0,MID,380000
Sam Durham,Essendon,76.3,MID,370000
Jaxon Prior,Essendon,71.9,DEF,350000
Nik Cox,Essendon,70.0,DEF,340000
Jacob Farrow,Essendon,68.9,MID,335000
Elijah Tsatas,Essendon,68.7,DEF,335000
Ben McKay,Essendon,68.4,DEF,335000
Zach Reid,Essendon,68.4,DEF,335000
Brayden Fiorini,Essendon,67.9,RUC,330000
Nate Caddy,Essendon,65.8,FWD,320000
Archie Roberts,Essendon,64.6,DEF,315000
Angus Clarke,Essendon,62.5,FWD,305000
Lewis Hayes,Essendon,62.2,DEF,305000
Will Setterfield,Essendon,61.9,MID,300000
Andrew McGrath,Essendon,59.9,DEF,290000
Dyson Sharp,Essendon,58.6,FWD,285000
Sullivan Robey,Essendon,54.6,DEF,265000
Isaac Kako,Essendon,54.3,FWD,265000
Vigo Visentini,Essendon,53.9,DEF,260000
Archie Perkins,Essendon,53.8,RUC,260000
Jayden Nguyen,Essendon,53.5,DEF,260000
Hussien El Achkar,Essendon,53.1,DEF,260000
Xavier Duursma,Essendon,52.9,RUC,255000
Jade Gresham,Essendon,52.3,FWD,255000
Liam McMahon,Essendon,50.4,MID,245000
Harrison Jones,Essendon,50.1,FWD,245000
Max Kondogiannis,Essendon,50.0,DEF,245000
Rhys Unwin,Essendon,49.3,MID,240000
Archer Day-Wicks,Essendon,48.7,MID,235000
Zak Johnson,Essendon,48.5,FWD,235000
Jordan Ridley,Essendon,48.1,DEF,235000
Peter Wright,Essendon,45.4,FWD,220000
Kayle Gerreyn,Essendon,44.9,FWD,220000
Lachlan Blakiston,Essendon,44.9,RUC,220000
Jaxon Artemis,Essendon,44.6,MID,215000
Archer May,Essendon,44.5,DEF,215000
Tom Edwards,Essendon,42.8,FWD,210000
Saad El-Hawli,Essendon,41.0,RUC,200000
Matt Guelfi,Essendon,40.2,FWD,195000
Kyle Langford,Essendon,39.0,FWD,190000
Cillian Bourke,Essendon,25.0,FWD,120000
Caleb Serong,Fremantle,115.7,MID,565000
Andrew Brayshaw,Fremantle,97.6,MID,475000
Luke Jackson,Fremantle,85.2,RUC,415000
Hayden Young,Fremantle,83.5,MID,405000
Jordan Clark,Fremantle,83.5,DEF,405000
Sean Darcy,Fremantle,83.0,RUC,405000
Luke Ryan,Fremantle,82.5,DEF,400000
Oscar McDonald,Fremantle,75.2,MID,365000
Alex Pearce,Fremantle,75.1,DEF,365000
Murphy Reid,Fremantle,74.5,RUC,365000
Josh Treacy,Fremantle,73.5,FWD,360000
Ollie Murphy,Fremantle,71.3,DEF,345000
Brandon Walker,Fremantle,69.9,DEF,340000
Judd McVee,Fremantle,67.8,DEF,330000
Cooper Simpson,Fremantle,67.4,MID,330000
Corey Wagner,Fremantle,66.3,DEF,325000
Tobyn Murray,Fremantle,66.3,MID,325000
Sam Switkowski,Fremantle,65.7,FWD,320000
Jaeger O'Meara,Fremantle,65.4,MID,320000
Mason Cox,Fremantle,65.1,RUC,315000
Adam Sweid,Fremantle,64.7,FWD,315000
Ryda Luke,Fremantle,64.2,RUC,310000
Josh Draper,Fremantle,64.1,DEF,310000
Michael Frederick,Fremantle,63.5,FWD,310000
Jye Amiss,Fremantle,63.4,FWD,310000
Shai Bolton,Fremantle,62.5,FWD,305000
Matthew Johnson,Fremantle,62.0,MID,300000
Sam Sturt,Fremantle,59.5,FWD,290000
Jeremy Sharp,Fremantle,58.6,MID,285000
Karl Worner,Fremantle,54.2,RUC,265000
Neil Erasmus,Fremantle,54.2,DEF,265000
Leon Kickett,Fremantle,51.6,DEF,250000
Hugh Davies,Fremantle,46.4,DEF,225000
Jaren Carr,Fremantle,46.0,FWD,225000
Bailey Banfield,Fremantle,44.8,FWD,220000
Heath Chapman,Fremantle,44.3,DEF,215000
Brennan Cox,Fremantle,42.7,DEF,210000
Charlie Nicholls,Fremantle,41.9,FWD,205000
Nathan O'Driscoll,Fremantle,40.1,FWD,195000
Toby Whan,Fremantle,39.1,FWD,190000
Aiden Riddle,Fremantle,32.8,DEF,160000
Isaiah Dudley,Fremantle,30.8,MID,150000
Patrick Voss,Fremantle,26.2,FWD,130000
Chris Scerri,Fremantle,22.0,FWD,105000
Bailey Smith,Geelong,96.8,MID,470000
Tom Stewart,Geelong,91.5,DEF,445000
Max Holmes,Geelong,83.4,MID,405000
Rhys Stanley,Geelong,81.3,RUC,395000
Jeremy Cameron,Geelong,77.9,FWD,380000
Oisín Mullin,Geelong,76.4,RUC,370000
Patrick Dangerfield,Geelong,72.9,MID,355000
Oliver Wiltshire,Geelong,69.8,DEF,340000
Harley Barker,Geelong,68.8,MID,335000
Tom Atkins,Geelong,68.6,MID,335000
Jhye Clark,Geelong,67.0,MID,325000
Shaun Mannagh,Geelong,66.8,FWD,325000
Hunter Holmes,Geelong,65.1,MID,315000
Jay Polkinghorne,Geelong,65.0,MID,315000
Jed Bews,Geelong,64.3,DEF,315000
Mitch Knevitt,Geelong,62.2,MID,305000
Lawson Humphries,Geelong,59.3,DEF,290000
Mitch Edwards,Geelong,59.0,FWD,285000
Lennox Hofmann,Geelong,58.7,FWD,285000
Jack Martin,Geelong,58.4,FWD,285000
Connor O'Sullivan,Geelong,57.3,DEF,280000
Shannon Neale,Geelong,56.6,RUC,275000
George Stevens,Geelong,56.2,MID,275000
Zach Guthrie,Geelong,54.3,DEF,265000
Sam De Koning,Geelong,53.6,DEF,260000
Tanner Bruhn,Geelong,53.2,MID,260000
Mark Blicavs,Geelong,53.0,RUC,260000
James Worpel,Geelong,52.0,MID,255000
Toby Conway,Geelong,51.6,RUC,250000
Jack Bowes,Geelong,51.4,DEF,250000
Jack Henry,Geelong,51.3,DEF,250000
Jake Kolodjashnij,Geelong,50.0,DEF,245000
Ollie Dempsey,Geelong,47.0,FWD,230000
Gryan Miers,Geelong,45.9,FWD,225000
Jacob Molier,Geelong,45.1,RUC,220000
Jesse Mellor,Geelong,45.1,FWD,220000
Keighton Matofai-Forbes,Geelong,44.9,DEF,220000
Oliver Henry,Geelong,44.9,FWD,220000
Joe Pike,Geelong,44.1,MID,215000
Tyson Stengle,Geelong,43.4,FWD,210000
Nick Driscoll,Geelong,43.3,RUC,210000
Mark O'Connor,Geelong,43.1,DEF,210000
Brad Close,Geelong,31.5,FWD,155000
Cillian Burke,Geelong,23.0,FWD,110000
Noah Anderson,Gold Coast,117.4,MID,570000
Christian Petracca,Gold Coast,104.1,MID,505000
Matt Rowell,Gold Coast,99.7,MID,485000
Touk Miller,Gold Coast,88.1,MID,430000
Jarrod Witts,Gold Coast,88.0,RUC,430000
Daniel Rioli,Gold Coast,78.3,RUC,380000
Ben King,Gold Coast,75.1,FWD,365000
Jamarra Ugle-Hagan,Gold Coast,74.9,FWD,365000
Mac Andrew,Gold Coast,73.7,DEF,360000
Sam Clohesy,Gold Coast,70.7,DEF,345000
Leo Lombard,Gold Coast,69.9,RUC,340000
Bailey Humphrey,Gold Coast,67.6,MID,330000
Bodhi Uwland,Gold Coast,66.6,DEF,325000
Lachie Weller,Gold Coast,63.3,MID,310000
Ned Moyle,Gold Coast,63.3,RUC,310000
Joel Jeffrey,Gold Coast,63.0,FWD,305000
Ben Long,Gold Coast,62.9,DEF,305000
Jake Rogers,Gold Coast,60.4,FWD,295000
Asher Eastham,Gold Coast,59.8,RUC,290000
Nick Holman,Gold Coast,59.8,FWD,290000
Koby Coulson,Gold Coast,57.8,MID,280000
Caleb Graham,Gold Coast,57.7,DEF,280000
Beau Addinsall,Gold Coast,57.0,MID,275000
Will Graham,Gold Coast,56.6,FWD,275000
Jed Walter,Gold Coast,55.9,FWD,270000
Avery Thomas,Gold Coast,55.7,DEF,270000
Zeke Uwland,Gold Coast,54.9,MID,265000
Cooper Bell,Gold Coast,54.8,DEF,265000
Jy Farrar,Gold Coast,53.6,DEF,260000
Alex Davies,Gold Coast,52.1,DEF,255000
Elliott Himmelberg,Gold Coast,49.3,DEF,240000
Sam Collins,Gold Coast,49.3,DEF,240000
Dylan Patterson,Gold Coast,48.9,RUC,240000
Charlie Ballard,Gold Coast,48.0,DEF,235000
Max Knobel,Gold Coast,47.4,RUC,230000
Zak Evans,Gold Coast,45.2,DEF,220000
John Noble,Gold Coast,44.5,DEF,215000
Caleb Lewis,Gold Coast,43.5,MID,210000
Jai Murray,Gold Coast,43.5,DEF,210000
Wil Powell,Gold Coast,42.2,DEF,205000
Ethan Read,Gold Coast,41.4,FWD,200000
Oscar Adams,Gold Coast,39.4,FWD,190000
Ben Jepson,Gold Coast,39.3,DEF,190000
Lachie Gulbin,Gold Coast,36.1,FWD,175000
Tom Green,Greater Western Sydney,111.2,MID,540000
Lachie Whitfield,Greater Western Sydney,90.9,DEF,440000
Clayton Oliver,Greater Western Sydney,89.3,MID,435000
Kieren Briggs,Greater Western Sydney,87.4,RUC,425000
Josh Kelly,Greater Western Sydney,81.5,MID,395000
Finn Callaghan,Greater Western Sydney,78.3,MID,380000
Toby Greene,Greater Western Sydney,77.2,FWD,375000
Stephen Coniglio,Greater Western Sydney,75.3,MID,365000
Sam Taylor,Greater Western Sydney,74.7,DEF,365000
Ryan Angwin,Greater Western Sydney,71.1,RUC,345000
Jesse Hogan,Greater Western Sydney,71.0,FWD,345000
Harrison Oliver,Greater Western Sydney,69.5,MID,340000
Harry Himmelberg,Greater Western Sydney,67.6,DEF,330000
Jack Ough,Greater Western Sydney,66.5,FWD,325000
Toby McMullin,Greater Western Sydney,65.3,MID,320000
Leek Aleer,Greater Western Sydney,65.0,DEF,315000
Brent Daniels,Greater Western Sydney,64.9,FWD,315000
James Leake,Greater Western Sydney,64.4,DEF,315000
Jake Stringer,Greater Western Sydney,63.3,FWD,310000
Lachie Ash,Greater Western Sydney,62.8,DEF,305000
Max Gruzewski,Greater Western Sydney,62.2,MID,305000
Phoenix Gothard,Greater Western Sydney,61.4,MID,300000
Cody Angove,Greater Western Sydney,60.5,RUC,295000
Jake Riccardi,Greater Western Sydney,59.9,FWD,290000
Darcy Jones,Greater Western Sydney,57.6,MID,280000
Conor Stone,Greater Western Sydney,57.5,MID,280000
Oliver Hannaford,Greater Western Sydney,54.5,DEF,265000
Josaia Delana,Greater Western Sydney,53.6,RUC,260000
Xavier O'Halloran,Greater Western Sydney,53.2,RUC,260000
Joe Fonti,Greater Western Sydney,52.1,DEF,255000
Harvey Thomas,Greater Western Sydney,50.6,DEF,245000
Connor Idun,Greater Western Sydney,50.3,DEF,245000
Nick Madden,Greater Western Sydney,48.9,RUC,240000
Oskar Taylor,Greater Western Sydney,48.6,DEF,235000
Jayden Laverde,Greater Western Sydney,46.9,FWD,230000
Harry Rowston,Greater Western Sydney,46.6,FWD,225000
Toby Bedford,Greater Western Sydney,41.8,FWD,205000
Aaron Cadman,Greater Western Sydney,39.6,FWD,195000
Riley Hamilton,Greater Western Sydney,36.7,FWD,180000
Logan Smith,Greater Western Sydney,36.0,FWD,175000
Nathan Wardius,Greater Western Sydney,35.9,MID,175000
Finnegan Davis,Greater Western Sydney,35.5,RUC,175000
Jack Buckley,Greater Western Sydney,34.3,DEF,165000
Callum Brown,Greater Western Sydney,30.9,DEF,150000
Jai Newcombe,Hawthorn,98.2,MID,480000
Will Day,Hawthorn,92.1,MID,450000
Lloyd Meek,Hawthorn,84.9,RUC,415000
James Sicily,Hawthorn,80.6,DEF,390000
Josh Ward,Hawthorn,77.0,MID,375000
Karl Amon,Hawthorn,76.6,MID,375000
Dylan Moore,Hawthorn,74.6,FWD,365000
Ned Reeves,Hawthorn,73.9,RUC,360000
Jarman Impey,Hawthorn,72.0,DEF,350000
Cody Anderson,Hawthorn,70.0,MID,340000
Noah Mraz,Hawthorn,67.0,MID,325000
Josh Battle,Hawthorn,66.6,DEF,325000
Sam Butler,Hawthorn,66.6,FWD,325000
Connor Macdonald,Hawthorn,64.6,DEF,315000
Nick Watson,Hawthorn,63.4,FWD,310000
Jack Dalton,Hawthorn,62.7,DEF,305000
Blake Hardwick,Hawthorn,62.1,DEF,300000
Jack Gunston,Hawthorn,60.3,FWD,295000
Cameron Nairn,Hawthorn,59.7,FWD,290000
Massimo D'Ambrosio,Hawthorn,58.9,DEF,285000
Cameron Mackenzie,Hawthorn,58.7,MID,285000
Mabior Chol,Hawthorn,58.1,FWD,285000
Bailey Macdonald,Hawthorn,58.0,RUC,280000
Max Beattie,Hawthorn,57.6,DEF,280000
Aidan Schubert,Hawthorn,57.4,FWD,280000
Henry Hustwaite,Hawthorn,55.7,DEF,270000
Conor Nash,Hawthorn,55.6,MID,270000
Matthew LeRay,Hawthorn,53.9,DEF,260000
James Blanck,Hawthorn,51.8,DEF,250000
Matt Hill,Hawthorn,51.7,MID,250000
Mitchell Lewis,Hawthorn,50.5,MID,245000
Bodie Ryan,Hawthorn,49.0,RUC,240000
Tom Barrass,Hawthorn,48.7,DEF,235000
Ollie Greeves,Hawthorn,47.4,MID,230000
Finn Maginness,Hawthorn,47.0,DEF,230000
Jack Scrimshaw,Hawthorn,45.8,DEF,225000
Max Ramsden,Hawthorn,45.7,RUC,220000
Josh Weddle,Hawthorn,45.4,DEF,220000
Harry Morrison,Hawthorn,44.5,DEF,215000
Will McCabe,Hawthorn,42.8,DEF,210000
Flynn Perez,Hawthorn,41.1,RUC,200000
Calsher Dear,Hawthorn,40.0,FWD,195000
Jack Ginnivan,Hawthorn,37.5,FWD,180000
Jaime Uhr-Henry,Hawthorn,35.8,FWD,175000
Max Gawn,Melbourne,115.3,RUC,560000
Jack Steele,Melbourne,90.1,MID,440000
Jack Viney,Melbourne,79.7,MID,390000
Trent Rivers,Melbourne,72.3,MID,350000
Max Heath,Melbourne,70.9,RUC,345000
Changkuoth Jiath,Melbourne,68.4,DEF,335000
Jed Adams,Melbourne,68.4,DEF,335000
Daniel Turner,Melbourne,67.6,DEF,330000
Jacob van Rooyen,Melbourne,66.9,FWD,325000
Bayley Fritsch,Melbourne,66.3,FWD,325000
Xavier Lindsay,Melbourne,64.9,RUC,315000
Jake Lever,Melbourne,63.9,DEF,310000
Kalani White,Melbourne,63.3,MID,310000
Thomas Matthews,Melbourne,63.1,FWD,305000
Harvey Langford,Melbourne,61.7,FWD,300000
Jake Bowey,Melbourne,60.3,DEF,295000
Kysaiah Pickett,Melbourne,60.0,FWD,290000
Latrelle Pickett,Melbourne,58.8,FWD,285000
Kade Chandler,Melbourne,57.8,FWD,280000
Ed Langdon,Melbourne,56.8,MID,275000
Harrison Petty,Melbourne,56.7,DEF,275000
Jai Culley,Melbourne,56.7,DEF,275000
Caleb Windsor,Melbourne,56.5,DEF,275000
Aidan Johnson,Melbourne,56.3,FWD,275000
Tom Sparrow,Melbourne,52.4,MID,255000
Tom McDonald,Melbourne,52.2,DEF,255000
Matthew Jefferson,Melbourne,51.7,RUC,250000
Xavier Taylor,Melbourne,50.8,MID,245000
Bailey Laurie,Melbourne,50.3,FWD,245000
Christian Salem,Melbourne,50.1,DEF,245000
Blake Howes,Melbourne,48.4,DEF,235000
Jake Melksham,Melbourne,47.5,FWD,230000
Paddy Cross,Melbourne,46.5,MID,225000
Harry Sharp,Melbourne,45.4,RUC,220000
Luker Kentfield,Melbourne,44.5,RUC,215000
Brody Mihocek,Melbourne,44.1,FWD,215000
Riley Onley,Melbourne,42.9,DEF,210000
Ricky Mentha Jr.,Melbourne,42.5,RUC,205000
Koltyn Tholstrup,Melbourne,37.9,FWD,185000
Max Mapley,Melbourne,37.3,DEF,180000
Andy Moniz-Wakefield,Melbourne,35.7,DEF,175000
Jack Henderson,Melbourne,30.9,FWD,150000
Lukas Cooke,Melbourne,29.7,MID,145000
Oscar Berry,Melbourne,27.4,FWD,135000
Joel Fitzgerald,Melbourne,22.6,FWD,110000
Harry Sheezel,North Melbourne,104.8,FWD,510000
Luke Davies-Uniacke,North Melbourne,100.9,MID,490000
Tristan Xerri,North Melbourne,92.1,RUC,450000
Callum Coleman-Jones,North Melbourne,79.8,RUC,390000
Dylan Stephens,North Melbourne,77.3,RUC,375000
Charlie Spargo,North Melbourne,74.3,MID,360000
Brayden George,North Melbourne,71.8,DEF,350000
Nick Larkey,North Melbourne,71.2,FWD,345000
Oliver Griffin,North Melbourne,70.0,RUC,340000
Luke Parker,North Melbourne,67.6,MID,330000
Blake Thredgold,North Melbourne,66.7,DEF,325000
Colby McKercher,North Melbourne,65.5,MID,320000
Riley Hardeman,North Melbourne,63.1,MID,305000
Luke McDonald,North Melbourne,62.9,DEF,305000
Cooper Harvey,North Melbourne,61.9,MID,300000
Tom Powell,North Melbourne,61.2,MID,300000
Matt Whitlock,North Melbourne,60.2,FWD,295000
River Stevens,North Melbourne,60.2,DEF,295000
Zac Fisher,North Melbourne,59.2,DEF,290000
Charlie Comben,North Melbourne,58.9,DEF,285000
Bailey Scott,North Melbourne,55.1,RUC,270000
Hugo Mikunda,North Melbourne,54.2,MID,265000
Jy Simpkin,North Melbourne,53.5,MID,260000
Finn O'Sullivan,North Melbourne,52.8,MID,255000
Zane Duursma,North Melbourne,52.6,FWD,255000
Luke Urquhart,North Melbourne,51.2,FWD,250000
Josh Goater,North Melbourne,51.1,DEF,250000
Taylor Goad,North Melbourne,50.8,FWD,245000
Lachy Dovaston,North Melbourne,50.5,DEF,245000
George Wardlaw,North Melbourne,50.4,MID,245000
Wil Dawson,North Melbourne,49.5,FWD,240000
Jacob Konstanty,North Melbourne,49.2,RUC,240000
Aidan Corr,North Melbourne,48.8,DEF,235000
Griffin Logue,North Melbourne,47.5,DEF,230000
Caleb Daniel,North Melbourne,47.4,DEF,230000
Jackson Archer,North Melbourne,45.6,DEF,220000
Cameron Zurhaar,North Melbourne,45.5,FWD,220000
Tom Blamires,North Melbourne,39.7,FWD,195000
Robert Hansen Jr.,North Melbourne,39.1,MID,190000
Paul Curtis,North Melbourne,37.4,FWD,180000
Toby Pink,North Melbourne,37.0,DEF,180000
Jack Darling,North Melbourne,36.8,FWD,180000
Zac Banch,North Melbourne,33.7,DEF,165000
Cooper Trembath,North Melbourne,18,FWD,90000
Zak Butters,Port Adelaide,108.5,MID,530000
Connor Rozee,Port Adelaide,100.2,MID,490000
Jason Horne-Francis,Port Adelaide,91.3,MID,445000
Jordon Sweet,Port Adelaide,88.3,RUC,430000
Ollie Wines,Port Adelaide,80.6,MID,390000
Thomas Anastasopoulos,Port Adelaide,79.9,RUC,390000
Jack Whitlock,Port Adelaide,78.6,RUC,385000
Will Brodie,Port Adelaide,77.0,MID,375000
Josh Sinn,Port Adelaide,74.1,RUC,360000
Willem Drew,Port Adelaide,69.6,MID,340000
Christian Moraes,Port Adelaide,68.5,MID,335000
Jack Watkins,Port Adelaide,67.3,RUC,330000
Jack Lukosius,Port Adelaide,65.8,FWD,320000
Jase Burgoyne,Port Adelaide,65.5,FWD,320000
Jacob Wehr,Port Adelaide,65.2,MID,315000
Harrison Ramm,Port Adelaide,63.8,MID,310000
Esava Ratugolea,Port Adelaide,62.7,DEF,305000
Kane Farrell,Port Adelaide,62.6,DEF,305000
Will Lorenz,Port Adelaide,59.0,MID,285000
Benny Barrett,Port Adelaide,58.5,MID,285000
Jackson Mead,Port Adelaide,58.3,FWD,285000
Todd Marshall,Port Adelaide,58.2,FWD,285000
Sam Powell-Pepper,Port Adelaide,56.5,MID,275000
Joe Berry,Port Adelaide,55.6,DEF,270000
Joe Richards,Port Adelaide,55.0,DEF,270000
Miles Bergman,Port Adelaide,54.8,DEF,265000
Dante Visentini,Port Adelaide,54.3,RUC,265000
Ollie Lord,Port Adelaide,51.5,FWD,250000
Logan Evans,Port Adelaide,51.2,DEF,250000
Brandon Zerk-Thatcher,Port Adelaide,50.7,DEF,245000
Corey Durdin,Port Adelaide,50.4,FWD,245000
Xavier Walsh,Port Adelaide,48.1,DEF,235000
Aliir Aliir,Port Adelaide,47.0,DEF,230000
Tom Cochrane,Port Adelaide,45.7,DEF,220000
Josh Lai,Port Adelaide,44.7,DEF,220000
Darcy Byrne-Jones,Port Adelaide,44.4,DEF,215000
Lachie Jones,Port Adelaide,43.2,DEF,210000
Mitch Zadow,Port Adelaide,41.7,DEF,205000
Mani Liddy,Port Adelaide,40.3,DEF,195000
Balyn O'Brien,Port Adelaide,39.3,FWD,190000
Jacob Moss,Port Adelaide,37.9,RUC,185000
Mitch Georgiades,Port Adelaide,37.4,FWD,180000
Ewan Mackinlay,Port Adelaide,36.5,FWD,180000
Xavier Bamert,Port Adelaide,33.7,MID,165000
Alex Van Wyk,Port Adelaide,33.2,FWD,160000
Tim Taranto,Richmond,94.8,MID,460000
Toby Nankervis,Richmond,81.5,RUC,395000
Sam Banks,Richmond,77.2,MID,375000
Zane Peucker,Richmond,77.2,MID,375000
Josh Smillie,Richmond,73.0,RUC,355000
Harry Armstrong,Richmond,71.8,DEF,350000
Taj Hotton,Richmond,71.6,DEF,350000
Sam Cumming,Richmond,69.8,DEF,340000
Nathan Broad,Richmond,69.4,DEF,340000
Luke Trainor,Richmond,68.4,MID,335000
Nick Vlastuin,Richmond,66.4,DEF,325000
Jacob Hopper,Richmond,65.4,MID,320000
Samson Ryan,Richmond,65.4,RUC,320000
Josh Gibcus,Richmond,64.8,DEF,315000
Jonty Faull,Richmond,64.0,RUC,310000
Dion Prestia,Richmond,62.7,MID,305000
Judson Clarke,Richmond,62.3,MID,305000
Kaleb Smith,Richmond,61.0,DEF,295000
Liam Fawcett,Richmond,60.3,MID,295000
Jayden Short,Richmond,60.1,MID,290000
Noah Balta,Richmond,58.5,DEF,285000
Tom Brown,Richmond,58.5,DEF,285000
Ben Miller,Richmond,58.3,DEF,285000
Sam Grlj,Richmond,58.0,FWD,280000
Sam Lalor,Richmond,56.6,RUC,275000
Maurice Rioli Jr.,Richmond,55.6,FWD,270000
Noah Roberts-Thomson,Richmond,55.1,FWD,270000
Hugo Ralphsmith,Richmond,54.4,DEF,265000
Kane McAuliffe,Richmond,53.9,RUC,260000
Kye Annand,Richmond,52.3,FWD,255000
Jack Ross,Richmond,51.7,DEF,250000
Thomas Sims,Richmond,50.2,FWD,245000
Patrick Retschko,Richmond,48.4,RUC,235000
Rhyan Mansell,Richmond,48.3,FWD,235000
Mykelti Lefau,Richmond,47.4,FWD,230000
Jasper Alger,Richmond,46.8,DEF,230000
James Trezise,Richmond,46.7,DEF,225000
Seth Campbell,Richmond,45.6,FWD,220000
Tyler Sonsie,Richmond,45.5,DEF,220000
Ollie Hayes-Brown,Richmond,44.2,FWD,215000
Tom Lynch,Richmond,41.7,FWD,205000
Steely Green,Richmond,38.8,RUC,190000
Patrick Carr,Richmond,35.7,MID,175000
Tom Burton,Richmond,34.4,DEF,165000
Campbell Gray,Richmond,33.2,DEF,160000
Sam Flanders,St Kilda,106.8,MID,520000
Rowan Marshall,St Kilda,98.3,RUC,480000
Jack Sinclair,St Kilda,93.6,MID,455000
Nasiah Wanganeen-Milera,St Kilda,91.3,MID,445000
Jack Macrae,St Kilda,90.8,MID,440000
Tom De Koning,St Kilda,86.0,RUC,420000
Callum Wilkie,St Kilda,79.4,DEF,385000
Alix Tauru,St Kilda,77.3,RUC,375000
Jack Silvagni,St Kilda,76.4,FWD,370000
Mason Wood,St Kilda,71.7,RUC,350000
Jack Higgins,St Kilda,71.6,FWD,350000
Dougal Howard,St Kilda,71.4,DEF,345000
Paddy Dow,St Kilda,71.1,RUC,345000
Max Hall,St Kilda,68.9,RUC,335000
Max King,St Kilda,67.1,FWD,325000
Angus Hastie,St Kilda,66.5,MID,325000
Hugh Boxshall,St Kilda,65.8,MID,320000
Lance Collard,St Kilda,65.4,RUC,320000
Alex Dodson,St Kilda,64.7,MID,315000
Liam Stocker,St Kilda,64.3,DEF,315000
Mattaes Phillipou,St Kilda,63.7,FWD,310000
Dan Butler,St Kilda,61.8,FWD,300000
Isaac Keeler,St Kilda,60.8,MID,295000
Tobie Travaglia,St Kilda,58.3,DEF,285000
Marcus Windhager,St Kilda,58.2,DEF,285000
Liam Henry,St Kilda,57.1,DEF,280000
Jack Carroll,St Kilda,56.9,FWD,275000
Kye Fincher,St Kilda,56.1,DEF,275000
James Barrat,St Kilda,55.2,DEF,270000
Hugo Garcia,St Kilda,54.3,DEF,265000
Mitch Owens,St Kilda,53.9,FWD,260000
Bradley Hill,St Kilda,52.0,RUC,255000
Ryan Byrnes,St Kilda,51.2,MID,250000
Liam Ryan,St Kilda,50.1,FWD,245000
Patrick Said,St Kilda,49.5,MID,240000
Hunter Clark,St Kilda,49.0,DEF,240000
Liam O'Connell,St Kilda,47.6,MID,230000
Anthony Caminiti,St Kilda,46.5,FWD,225000
Cooper Sharman,St Kilda,43.4,FWD,210000
Campbell Lake,St Kilda,43.1,FWD,210000
Charlie Banfield,St Kilda,40.1,FWD,195000
Darcy Wilson,St Kilda,36.2,FWD,175000
Eamonn Armstrong,St Kilda,30.9,FWD,150000
Kobe McDonald,St Kilda,29.7,DEF,145000
Errol Gulden,Sydney,117.0,MID,570000
Chad Warner,Sydney,103.5,MID,505000
Isaac Heeney,Sydney,101.2,MID,495000
Brodie Grundy,Sydney,100.6,RUC,490000
James Rowbottom,Sydney,81.5,MID,395000
Jake Lloyd,Sydney,80.2,DEF,390000
Nick Blakey,Sydney,79.0,DEF,385000
Sam Wicks,Sydney,77.2,RUC,375000
Tom McCartin,Sydney,76.6,DEF,375000
Callum Mills,Sydney,76.3,MID,370000
Charlie Curnow,Sydney,74.7,FWD,365000
Billy Cootee,Sydney,72.5,MID,355000
Tom Papley,Sydney,72.3,FWD,350000
Taylor Adams,Sydney,69.4,MID,340000
Justin McInerney,Sydney,69.0,MID,335000
Riley Bice,Sydney,69.0,DEF,335000
Corey Warner,Sydney,67.4,DEF,330000
Caiden Cleary,Sydney,66.7,RUC,325000
Angus Sheldrick,Sydney,65.8,DEF,320000
Max King,Sydney,65.8,FWD,320000
Jevan Phillipou,Sydney,65.1,FWD,315000
Will Edwards,Sydney,62.8,MID,305000
Hayden McLean,Sydney,61.4,RUC,300000
Logan McDonald,Sydney,61.3,FWD,300000
Matthew Roberts,Sydney,61.2,DEF,300000
Dane Rampe,Sydney,60.8,DEF,295000
Braeden Campbell,Sydney,60.6,DEF,295000
James Jordon,Sydney,56.7,MID,275000
Riak Andrew,Sydney,55.8,DEF,270000
Liam Hetherton,Sydney,54.9,RUC,265000
Malcolm Rosas,Sydney,52.5,FWD,255000
Will Green,Sydney,52.4,RUC,255000
Harry Cunningham,Sydney,50.8,DEF,245000
Peter Ladhams,Sydney,50.3,RUC,245000
Jai Serong,Sydney,47.1,DEF,230000
Harry Kyle,Sydney,46.4,FWD,225000
Jesse Dattoli,Sydney,46.4,DEF,225000
Lewis Melican,Sydney,46.1,DEF,225000
Patrick Snell,Sydney,43.7,MID,215000
Joel Amartey,Sydney,43.3,FWD,210000
Ned Bowman,Sydney,42.3,DEF,205000
Noah Chamberlain,Sydney,39.9,MID,195000
Joel Hamling,Sydney,36.6,DEF,180000
Tom Hanily,Sydney,29.4,DEF,145000
Harley Reid,West Coast,83.5,MID,405000
Liam Duggan,West Coast,83.3,MID,405000
Elijah Hewett,West Coast,76.0,RUC,370000
Harvey Johnston,West Coast,75.6,MID,370000
Matt Flynn,West Coast,73.3,RUC,355000
Harry Barnett,West Coast,72.6,RUC,355000
Jake Waterman,West Coast,72.4,FWD,350000
Bailey Williams,West Coast,71.5,DEF,350000
Rhett Bazzo,West Coast,70.9,DEF,345000
Elliot Yeo,West Coast,70.2,MID,340000
Reuben Ginbey,West Coast,68.5,MID,335000
Tim Kelly,West Coast,68.1,MID,330000
Archer Reid,West Coast,67.1,FWD,325000
Tom Gross,West Coast,66.7,DEF,325000
Cooper Duff-Tytler,West Coast,65.1,MID,315000
Tyler Brockman,West Coast,64.8,FWD,315000
Hamish Davis,West Coast,64.7,RUC,315000
Josh Lindsay,West Coast,62.3,DEF,305000
Clay Hall,West Coast,61.6,FWD,300000
Liam Baker,West Coast,61.1,DEF,295000
Brandon Starcevich,West Coast,60.6,DEF,295000
Jobe Shanahan,West Coast,60.5,MID,295000
Willem Duursma,West Coast,60.2,DEF,295000
Tom McCarthy,West Coast,59.7,FWD,290000
Jamie Cripps,West Coast,59.2,FWD,290000
Jack Graham,West Coast,58.3,MID,285000
Jacob Newton,West Coast,56.6,MID,275000
Tom Cole,West Coast,56.5,DEF,275000
Fred Rodriguez,West Coast,56.0,RUC,275000
Deven Robertson,West Coast,55.6,MID,270000
Bo Allan,West Coast,54.5,RUC,265000
Ryan Maric,West Coast,52.5,FWD,255000
Lucca Grego,West Coast,52.2,DEF,255000
Sam Allen,West Coast,51.3,DEF,250000
Noah Long,West Coast,49.5,FWD,240000
Brady Hough,West Coast,47.3,DEF,230000
Tylar Young,West Coast,46.0,DEF,225000
Oliver Francou,West Coast,45.4,MID,220000
Harry Schoenberg,West Coast,43.6,MID,210000
Marcus Herbert,West Coast,42.0,FWD,205000
Tylah Williams,West Coast,41.1,FWD,200000
Jack Williams,West Coast,39.6,FWD,195000
Jack Hutchinson,West Coast,39.2,FWD,190000
Matthew Owies,West Coast,38.0,FWD,185000
Sandy Brock,West Coast,37.5,MID,180000
Harry Edwards,West Coast,37.1,DEF,180000
Tyrell Dewar,West Coast,37.0,MID,180000
Finlay Macrae,West Coast,36.8,MID,180000
Malakai Champion,West Coast,35.3,FWD,170000
Jake Miles-Wrency,West Coast,23.8,DEF,115000
Milan Murdock,West Coast,18,FWD,90000
Marcus Bontempelli,Western Bulldogs,125.8,MID,610000
Tim English,Western Bulldogs,106.5,RUC,520000
Adam Treloar,Western Bulldogs,90.4,MID,440000
Matthew Kennedy,Western Bulldogs,83.8,MID,410000
Ed Richards,Western Bulldogs,82.7,MID,400000
Tom Liberatore,Western Bulldogs,81.6,MID,395000
Bailey Dale,Western Bulldogs,81.3,MID,395000
Oskar Baker,Western Bulldogs,77.4,MID,375000
Aaron Naughton,Western Bulldogs,75.1,FWD,365000
Ryley Sanders,Western Bulldogs,74.4,MID,360000
Louis Emmett,Western Bulldogs,72.0,MID,350000
Bailey Williams,Western Bulldogs,71.8,DEF,350000
Luke Cleary,Western Bulldogs,68.1,DEF,330000
Cody Weightman,Western Bulldogs,67.6,FWD,330000
James O'Donnell,Western Bulldogs,67.4,DEF,330000
Sam Davidson,Western Bulldogs,67.2,MID,325000
Lachlan Carmichael,Western Bulldogs,63.7,MID,310000
Rory Lobb,Western Bulldogs,61.4,RUC,300000
Cooper Hynes,Western Bulldogs,60.4,MID,295000
Will Lewis,Western Bulldogs,60.3,MID,295000
Will Darcy,Western Bulldogs,59.7,RUC,290000
Harvey Gallagher,Western Bulldogs,58.3,DEF,285000
Ryan Gardner,Western Bulldogs,58.3,DEF,285000
Lachie Jaques,Western Bulldogs,57.6,FWD,280000
Connor Budarick,Western Bulldogs,55.6,DEF,270000
Laitham Vandermeer,Western Bulldogs,54.7,FWD,265000
Sam Darcy,Western Bulldogs,48.7,RUC,235000
Luke Kennedy,Western Bulldogs,48.5,DEF,235000
Jordan Croft,Western Bulldogs,47.7,DEF,230000
Zac Walker,Western Bulldogs,47.3,MID,230000
Rhylee West,Western Bulldogs,46.8,FWD,230000
Lachlan Smith,Western Bulldogs,46.4,DEF,225000
Joel Freijah,Western Bulldogs,45.8,DEF,225000
Riley Garcia,Western Bulldogs,45.8,FWD,225000
Nick Coffield,Western Bulldogs,45.7,DEF,220000
Jedd Busslinger,Western Bulldogs,43.0,DEF,210000
Josh Dolan,Western Bulldogs,43.0,FWD,210000
Buku Khamis,Western Bulldogs,42.6,DEF,205000
Caleb May,Western Bulldogs,39.8,DEF,195000
Michael Sellwood,Western Bulldogs,38.7,DEF,190000
Arthur Jones,Western Bulldogs,37.3,FWD,180000
Lachlan Bramble,Western Bulldogs,34.5,MID,170000
Lachlan McNeil,Western Bulldogs,31.6,FWD,155000
